ADHD,E-GEOD-52889,Array Data

Adrenoleukodystrophy,E-MEXP-3288,Array Data
,E-GEOD-34309,Array Data
,E-GEOD-34308,Array Data
,
Alternating Hemiplegia,E-GEOD-38597,Array Data
,E-GEOD-38147,Array Data
,E-TABM-1073,Array Data
,
Alzheimer's Disease,E-GEOD-68987,Seq Data
,E-GEOD-67333,Seq Data
,E-GEOD-63501,Seq Data
,E-GEOD-48552,Seq Data
,E-GEOD-46579,Seq Data
,E-GEOD-46131,Seq Data
,E-GEOD-63061,Array Data
,E-GEOD-63060,Array Data
,E-GEOD-69480,Array Data
,E-MTAB-3732,Array Data
,E-GEOD-42492,Array Data
,E-GEOD-55173,Array Data
,E-GEOD-39420,Array Data
,E-MTAB-1841,Array Data
,E-GEOD-58959,Array Data
,E-GEOD-37264,Array Data
,E-GEOD-58364,Array Data
,E-GEOD-58349,Array Data
,E-GEOD-58348,Array Data
,E-GEOD-48350,Array Data
,E-GEOD-56899,Array Data
,E-GEOD-53890,Array Data
,E-GEOD-30643,Array Data
,E-GEOD-29378,Array Data
,E-GEOD-44772,Array Data,SuperSeries
,E-GEOD-44771,Array Data
,E-GEOD-44770,Array Data
,E-GEOD-44768,Array Data
,E-GEOD-36980,Array Data
,E-GEOD-45596,Array Data
,E-GEOD-13214,Array Data
,E-GEOD-41868,Array Data
,E-GEOD-26972,Array Data
,E-GEOD-29680,Array Data
,E-GEOD-37257,Array Data
,E-GEOD-37263,Array Data
,E-GEOD-34879,Array Data
,E-GEOD-32645,Array Data
,E-GEOD-28379,Array Data
,E-MTAB-656,Array Data
,E-GEOD-28146,Array Data
,E-GEOD-29652,Array Data
,E-GEOD-26927,Array Data
,E-GEOD-20164,Array Data
,E-GEOD-20163,Array Data
,E-GEOD-21450,Array Data,SuperSeries
,E-GEOD-24345,Array Data
,E-MTAB-62,Array Data
,E-GEOD-4229,Array Data
,E-GEOD-4227,Array Data
,E-GEOD-16759,Array Data
,E-MEXP-2280,Array Data
,E-GEOD-18309,Array Data
,E-GEOD-4757,Array Data
,E-MEXP-1913,Array Data
,E-GEOD-12685,Array Data
,E-GEOD-6613,Array Data
,E-GEOD-6276,Array Data
,E-TABM-185,Array Data
,E-GEOD-1297,Array Data
,E-GEOD-4097,Array Data
,E-GEOD-6834,Array Data,SuperSeries
,E-GEOD-6771,Array Data
,E-GEOD-5281,Array Data
,
Amyotrophic Lateral Sclerosis (ALS),E-GEOD-52946,Seq Data
,E-GEOD-54409,Seq Data
,E-GEOD-52202,Seq Data
,E-GEOD-43308,Seq Data
,E-GEOD-43294,Seq Data
,E-GEOD-40651,Seq Data
,E-GEOD-68607,Array Data
,E-GEOD-68605,Array Data
,E-GEOD-52917,Array Data
,E-GEOD-56500,Array Data
,E-GEOD-33855,Array Data
,E-MTAB-1926,Array Data
,E-GEOD-49657,Array Data
,E-GEOD-37640,Array Data
,E-GEOD-40438,Array Data
,E-MEXP-3260,Array Data
,E-GEOD-28253,Array Data
,E-GEOD-26276,Array Data
,E-GEOD-21450,Array Data,SuperSeries
,E-GEOD-19332,Array Data
,E-GEOD-833,Array Data
,
Anencephaly,E-GEOD-14334,Array Data

Aneurysm,E-MTAB-3732,Array Data
,E-GEOD-67281,Array Data
,E-GEOD-57691,Array Data
,E-MTAB-3175,Array Data
,E-GEOD-63881,Array Data
,E-GEOD-63541,Array Data
,E-GEOD-62179,Array Data
,E-GEOD-60863,Array Data
,E-GEOD-60862,Array Data
,E-GEOD-37924,Array Data
,E-GEOD-36791,Array Data
,E-GEOD-46706,Array Data,SuperSeries
,E-GEOD-47472,Array Data
,E-GEOD-46338,Array Data,SuperSeries
,E-GEOD-46337,Array Data
,E-GEOD-46336,Array Data
,E-GEOD-26969,Array Data
,E-GEOD-13353,Array Data
,E-TABM-421,Array Data
,E-GEOD-24095,Array Data
,E-GEOD-5390,Array Data
,E-GEOD-5180,Array Data
,E-GEOD-1644,Array Data
,E-MEXP-1346,Array Data
,
Angelman Syndrome,E-GEOD-32563,Array Data

Anoxia,E-GEOD-38571,Seq Data,SuperSeries
,E-MTAB-1294,Seq Data
,E-GEOD-52461,Array Data
,E-GEOD-47009,Array Data
,E-GEOD-41666,Array Data
,E-GEOD-38571,Array Data,SuperSeries
,E-GEOD-38569,Array Data
,E-GEOD-39497,Array Data
,
Antiphospholipid Syndrome,E-GEOD-50395,Array Data
,E-GEOD-19151,Array Data
,E-MEXP-1635,Array Data
,
Apraxia,E-GEOD-52935,Seq Data
E-GEOD-61400,Array Data,SuperSeries
,E-GEOD-61322,Array Data
,E-GEOD-61321,Array Data
,E-GEOD-61320,Array Data
,
Arachnoid Cysts,E-GEOD-19727,Array Data

Asperger Syndrome,E-GEOD-63524,Array Data

Ataxia,E-GEOD-52935,Seq Data
,E-GEOD-42960,Seq Data
,E-GEOD-70817,Array Data
,E-MTAB-3732,Array Data
,E-GEOD-65399,Array Data
,E-GEOD-61400,Array Data,SuperSeries
,E-GEOD-61322,Array Data
,E-GEOD-61321,Array Data
,E-GEOD-61320,Array Data
,E-GEOD-48902,Array Data
,E-GEOD-48873,Array Data
,E-GEOD-19287,Array Data
,E-GEOD-34881,Array Data
,E-GEOD-36082,Array Data
,E-GEOD-45849,Array Data
,E-GEOD-45848,Array Data
,E-GEOD-33769,Array Data
,E-GEOD-45030,Array Data
,E-GEOD-45375,Array Data
,E-MTAB-1217,Array Data
,E-MTAB-852,Array Data
,E-GEOD-35347,Array Data
,E-GEOD-27041,Array Data
,E-GEOD-30933,Array Data
,E-GEOD-22651,Array Data
,E-TABM-321,Array Data
,E-GEOD-6971,Array Data
,E-GEOD-5040,Array Data
,
Ataxia Telangiectasia,E-GEOD-19287,Array Data
,E-GEOD-34881,Array Data
,E-GEOD-36082,Array Data
,E-GEOD-45849,Array Data
,E-GEOD-45848,Array Data
,E-GEOD-45030,Array Data
,E-GEOD-45375,Array Data
,E-MTAB-1217,Array Data
,E-GEOD-35347,Array Data
,E-TABM-321,Array Data
,E-GEOD-6971,Array Data
,
Autism,E-GEOD-57369,Seq Data
,E-GEOD-61492,Seq Data,SuperSeries
,E-GEOD-56796,Seq Data
,E-GEOD-53667,Seq Data
,E-GEOD-43900,Seq Data,SuperSeries
,E-GEOD-43526,Seq Data
,E-GEOD-47502,Seq Data
,E-GEOD-39682,Seq Data
,E-GEOD-32625,Seq Data
,E-GEOD-30573,Seq Data
,E-GEOD-70817,Array Data
,E-MTAB-3732,Array Data
,E-GEOD-57802,Array Data
,E-GEOD-67979,Array Data
,E-GEOD-63524,Array Data
,E-GEOD-62632,Array Data,SuperSeries
,E-GEOD-32563,Array Data
,E-GEOD-29918,Array Data
,E-GEOD-29691,Array Data
,E-GEOD-43900,Array Data,SuperSeries
,E-GEOD-35977,Array Data
,E-GEOD-35974,Array Data
,E-GEOD-43076,Array Data
,E-GEOD-39504,Array Data
,E-GEOD-36315,Array Data
,E-GEOD-39447,Array Data
,E-GEOD-37772,Array Data
,E-GEOD-28475,Array Data
,E-GEOD-25542,Array Data
,E-GEOD-25219,Array Data
,E-GEOD-25507,Array Data
,E-GEOD-32136,Array Data
,E-GEOD-28046,Array Data
,E-GEOD-28521,Array Data
,E-GEOD-26415,Array Data
,E-GEOD-15402,Array Data
,E-GEOD-15451,Array Data
,E-GEOD-21086,Array Data
,E-GEOD-6575,Array Data
,E-GEOD-9335,Array Data
,E-GEOD-7329,Array Data,SuperSeries
,E-GEOD-7317,Array Data
,E-GEOD-7316,Array Data
,E-GEOD-7315,Array Data
,
Autonomic Dysfunction,E-GEOD-65368,Array Data

Back Pain,E-MTAB-2325,Array Data
,E-GEOD-27494,Array Data
,
Batten Disease,E-GEOD-22225,Array Data

Behcet's Disease,E-GEOD-17114,Array Data

Brain Aneurysm,E-GEOD-37924,Array Data
,E-GEOD-36791,Array Data
,E-GEOD-50867,Array Data
,E-GEOD-46338,Array Data,SuperSeries
,E-GEOD-46337,Array Data
,E-GEOD-46336,Array Data
,E-GEOD-26969,Array Data
,E-GEOD-13353,Array Data
,E-TABM-421,Array Data
,E-GEOD-15629,Array Data
,
Brain Injury,E-MTAB-1294,Seq Data
E-GEOD-49531,Array Data
,E-GEOD-36634,Array Data
,E-GEOD-40613,Array Data
,E-GEOD-21854,Array Data
,E-GEOD-21497,Array Data
,E-GEOD-4755,Array Data
,
CADASIL,E-MTAB-3395,Array Data

Canavan Disease,E-GEOD-41445,Array Data

Cavernomas,E-GEOD-13276,Array Data

Cavernous Malformation,E-GEOD-18035,Array Data

Cerebellar Hypoplasia,E-GEOD-48849,Array Data

Cerebral Aneurysms,E-GEOD-37924,Array Data
,E-GEOD-36791,Array Data
,E-GEOD-50867,Array Data
,E-GEOD-46338,Array Data,SuperSeries
,E-GEOD-46337,Array Data
,E-GEOD-46336,Array Data
,E-GEOD-26969,Array Data
,E-GEOD-13353,Array Data
,E-TABM-421,Array Data
,E-GEOD-15629,Array Data
,
Cerebral Atrophy,E-GEOD-16214,Array Data

Cerebral Cavernous Malformation,E-GEOD-18035,Array Data

Cerebral Gigantism,E-GEOD-27200,Array Data

Cerebral Palsy,E-MTAB-3732,Array Data
,E-GEOD-31243,Array Data
,E-GEOD-17390,Array Data
,E-GEOD-11686,Array Data
,
Charcot-Marie-Tooth Disease,E-GEOD-40807,Array Data
,E-GEOD-34771,Array Data
,E-GEOD-36758,Array Data
,E-GEOD-33438,Array Data
,E-GEOD-33437,Array Data
,
Chronic Pain,E-GEOD-69901,Array Data
,E-GEOD-34095,Array Data
,
Coma,E-GEOD-43580,Array Data
,E-GEOD-21497,Array Data
,
Complex Regional Pain Syndrome,E-GEOD-47603,Array Data

Congenital Myopathy,E-GEOD-45737,Array Data
,E-GEOD-34145,Array Data
,E-GEOD-21795,Array Data
,
Corticobasal Degeneration,E-GEOD-6613,Array Data

Craniosynostosis,E-GEOD-65778,Seq Data
,E-GEOD-55282,Seq Data
,E-GEOD-40291,Seq Data
,E-GEOD-35197,Seq Data
,E-GEOD-72870,Array Data
,E-GEOD-72869,Array Data
,E-GEOD-61302,Array Data
,E-MTAB-3732,Array Data
,E-MTAB-2768,Array Data
,E-GEOD-61145,Array Data,SuperSeries
,E-GEOD-61144,Array Data
,E-GEOD-60993,Array Data
,E-GEOD-65986,Array Data
,E-GEOD-61983,Array Data
,E-GEOD-62397,Array Data
,E-GEOD-59488,Array Data
,E-GEOD-55851,Array Data
,E-GEOD-54977,Array Data
,E-GEOD-50758,Array Data
,E-GEOD-50796,Array Data
,E-GEOD-27976,Array Data
,E-GEOD-29332,Array Data
,E-GEOD-29312,Array Data
,E-GEOD-19339,Array Data
,E-GEOD-33140,Array Data
,E-GEOD-29111,Array Data
,E-GEOD-20750,Array Data
,E-MEXP-2000,Array Data
,E-MEXP-2276,Array Data
,E-GEOD-18931,Array Data
,E-GEOD-17619,Array Data
,E-GEOD-17433,Array Data
,E-MEXP-2236,Array Data
,E-GEOD-1849,Array Data
,
Creutzfeldt-Jakob Disease,E-GEOD-62699,Array Data
,E-GEOD-30643,Array Data
,
Cushing's Syndrome,E-MTAB-3732,Array Data
,E-GEOD-33371,Array Data
,E-MEXP-2137,Array Data
,E-GEOD-10927,Array Data
,E-GEOD-4060,Array Data
,E-GEOD-8514,Array Data
,
Cytomegalovirus Infection,E-GEOD-63797,Seq Data
,E-GEOD-60095,Seq Data
,E-GEOD-33584,Seq Data
,E-MEXP-3473,Array Data
,E-GEOD-50955,Array Data
,E-GEOD-50938,Array Data
,E-GEOD-43761,Array Data
,E-GEOD-27974,Array Data
,E-GEOD-45134,Array Data
,E-GEOD-35295,Array Data
,E-GEOD-33670,Array Data
,E-GEOD-30912,Array Data
,E-GEOD-24434,Array Data
,E-GEOD-24238,Array Data
,E-GEOD-24151,Array Data
,E-GEOD-13437,Array Data
,E-GEOD-19772,Array Data
,E-GEOD-19345,Array Data
,E-GEOD-17948,Array Data
,E-GEOD-14490,Array Data
,E-GEOD-12488,Array Data
,E-GEOD-12589,Array Data
,E-GEOD-11408,Array Data
,E-GEOD-9835,Array Data
,E-GEOD-9834,Array Data
,E-GEOD-9601,Array Data
,E-GEOD-9578,Array Data
,E-SMDB-2658,Array Data
,
Dementia,E-GEOD-63501,Seq Data
,E-GEOD-46131,Seq Data
,E-GEOD-40651,Seq Data
,E-GEOD-68607,Array Data
,E-GEOD-68605,Array Data
,E-GEOD-39420,Array Data
,E-GEOD-63870,Array Data
,E-GEOD-55069,Array Data
,E-GEOD-50133,Array Data
,E-GEOD-41744,Array Data
,E-GEOD-36980,Array Data
,E-GEOD-44265,Array Data
,E-GEOD-43534,Array Data
,E-GEOD-13214,Array Data
,E-GEOD-42423,Array Data
,E-GEOD-40378,Array Data
,E-GEOD-26972,Array Data
,E-GEOD-35864,Array Data
,E-GEOD-30806,Array Data
,E-GEOD-33503,Array Data
,E-GEOD-33500,Array Data
,E-GEOD-31772,Array Data
,E-GEOD-20186,Array Data,SuperSeries
,E-GEOD-25496,Array Data
,E-GEOD-18309,Array Data
,E-GEOD-4757,Array Data
,E-GEOD-13162,Array Data
,E-GEOD-4755,Array Data
,E-GEOD-3489,Array Data
,E-GEOD-1910,Array Data
,E-GEOD-5281,Array Data
,
Dementia With Lewy Bodies,E-GEOD-46131,Seq Data

Dermatomyositis,E-GEOD-48280,Array Data
,E-MTAB-1788,Array Data
,E-GEOD-46239,Array Data
,E-GEOD-39454,Array Data
,E-GEOD-26852,Array Data
,E-GEOD-32245,Array Data
,E-MEXP-2681,Array Data
,E-MTAB-62,Array Data
,E-GEOD-11083,Array Data
,E-GEOD-11971,Array Data
,E-GEOD-9397,Array Data
,E-TABM-185,Array Data
,E-GEOD-5370,Array Data
,E-GEOD-1551,Array Data
,E-GEOD-3307,Array Data
,
Diabetic Neuropathy,E-GEOD-24290,Array Data

Diffuse Sclerosis,E-GEOD-60542,Array Data

Dravet Syndrome,E-GEOD-46472,Array Data

Dysautonomia,E-GEOD-58038,Array Data
,E-GEOD-27915,Array Data
,E-GEOD-26458,Array Data
,E-MTAB-281,Array Data
,E-GEOD-17043,Array Data
,E-MEXP-641,Array Data
,
Dyslexia,E-MTAB-1128,Array Data

Encephalitis,E-MTAB-3732,Array Data
,E-GEOD-64387,Array Data
,E-GEOD-57647,Array Data,SuperSeries
,E-GEOD-57410,Array Data
,E-GEOD-57330,Array Data
,E-GEOD-46681,Array Data
,E-GEOD-44721,Array Data
,E-GEOD-55069,Array Data
,E-GEOD-50133,Array Data
,E-GEOD-43190,Array Data
,E-GEOD-40593,Array Data
,E-GEOD-35864,Array Data
,E-GEOD-38652,Array Data
,E-GEOD-30951,Array Data
,E-GEOD-32390,Array Data
,E-GEOD-16452,Array Data,SuperSeries
,E-GEOD-16451,Array Data
,E-GEOD-6269,Array Data
,E-GEOD-4755,Array Data
,E-GEOD-3489,Array Data
,
Encephalopathy,E-GEOD-57193,Array Data
,E-GEOD-53808,Array Data
,E-GEOD-41919,Array Data
,E-GEOD-16767,Array Data
,E-GEOD-16766,Array Data
,E-GEOD-16656,Array Data
,E-GEOD-11964,Array Data
,E-GEOD-6955,Array Data
,
Epilepsy,E-GEOD-67835,Seq Data
E-MTAB-3123,Array Data
,E-MTAB-3732,Array Data
,E-MTAB-2325,Array Data
,E-GEOD-63808,Array Data
,E-GEOD-28674,Array Data
,E-GEOD-46472,Array Data
,E-GEOD-29796,Array Data
,E-GEOD-43583,Array Data
,E-GEOD-32534,Array Data
,E-GEOD-25453,Array Data
,E-GEOD-36634,Array Data
,E-GEOD-39447,Array Data
,E-GEOD-23909,Array Data
,E-MEXP-2833,Array Data
,E-MEXP-1165,Array Data
,E-GEOD-22225,Array Data
,E-GEOD-26535,Array Data
,E-GEOD-22779,Array Data
,E-GEOD-22467,Array Data
,E-GEOD-18212,Array Data
,E-GEOD-20977,Array Data
,E-GEOD-9335,Array Data
,E-GEOD-7486,Array Data
,E-GEOD-7624,Array Data
,E-GEOD-4290,Array Data
,E-MEXP-567,Array Data
,E-GEOD-6834,Array Data,SuperSeries
,E-GEOD-6771,Array Data
,
Essential Tremor,E-GEOD-6613,Array Data
,E-GEOD-5080,Array Data
,
Familial Dysautonomia,E-GEOD-58038,Array Data
,E-GEOD-27915,Array Data
,E-GEOD-26458,Array Data
,E-MTAB-281,Array Data
,E-GEOD-17043,Array Data
,E-MEXP-641,Array Data
,
Febrile Seizures,E-GEOD-28674,Array Data
,E-GEOD-7624,Array Data
,
Friedreich's Ataxia,E-GEOD-42960,Seq Data
E-GEOD-30933,Array Data
,E-GEOD-22651,Array Data
,E-GEOD-5040,Array Data
,
Frontotemporal Dementia ,E-GEOD-68607,Array Data
,E-GEOD-68605,Array Data
,E-MTAB-1927,Array Data
,E-MTAB-1926,Array Data
,E-MTAB-1925,Array Data
,E-GEOD-40378,Array Data
,E-GEOD-30806,Array Data
,E-GEOD-31772,Array Data
,E-MEXP-2280,Array Data
,E-GEOD-13162,Array Data
,
Gaucher Disease,E-GEOD-41243,Array Data
,E-GEOD-21899,Array Data
,
Glycogen Storage Disease,E-GEOD-40838,Array Data
,E-GEOD-40561,Array Data
,E-GEOD-40560,Array Data
,E-GEOD-27280,Array Data
,
Guillain-Barré Syndrome,E-GEOD-72748,Seq Data
E-GEOD-31014,Array Data

Head Injury,E-GEOD-62699,Array Data
,E-GEOD-29507,Array Data
,E-GEOD-23074,Array Data
,E-GEOD-18212,Array Data
,
Headache,E-GEOD-60491,Array Data
,E-GEOD-38246,Array Data
,E-MTAB-631,Array Data
,E-GEOD-15221,Array Data
,
Hereditary Spastic Paraplegia,E-GEOD-70764,Seq Data
,E-GEOD-65683,Seq Data
,E-GEOD-57503,Seq Data
,E-GEOD-59781,Seq Data
,E-GEOD-49828,Seq Data
,E-GEOD-53096,Seq Data,SuperSeries
,E-GEOD-57096,Seq Data
,E-GEOD-49624,Seq Data,SuperSeries
,E-GEOD-43586,Seq Data
,E-GEOD-52665,Seq Data
,E-GEOD-39528,Seq Data,SuperSeries
,E-GEOD-39527,Seq Data
,E-GEOD-42326,Seq Data
,E-GEOD-29160,Seq Data
,E-GEOD-21191,Seq Data
,E-MTAB-1786,Array Data
,E-GEOD-67527,Array Data
,E-GEOD-60381,Array Data
,E-GEOD-53096,Array Data,SuperSeries
,E-GEOD-57893,Array Data
,E-MEXP-3913,Array Data
,E-MTAB-1881,Array Data
,E-GEOD-50605,Array Data
,E-GEOD-33805,Array Data
,E-MTAB-1788,Array Data
,E-GEOD-39528,Array Data,SuperSeries
,E-GEOD-39526,Array Data
,E-GEOD-36383,Array Data
,E-GEOD-43676,Array Data
,E-GEOD-42363,Array Data
,E-TABM-1180,Array Data
,E-GEOD-38232,Array Data
,E-GEOD-35522,Array Data
,E-GEOD-30654,Array Data,SuperSeries
,E-GEOD-30652,Array Data
,E-GEOD-34514,Array Data
,E-GEOD-33745,Array Data
,E-GEOD-26881,Array Data
,E-GEOD-26982,Array Data,SuperSeries
,E-MTAB-62,Array Data
,E-GEOD-22528,Array Data
,E-GEOD-22331,Array Data
,E-TABM-724,Array Data
,E-GEOD-12113,Array Data
,E-GEOD-12287,Array Data
,E-GEOD-12257,Array Data
,E-GEOD-12034,Array Data
,E-GEOD-9397,Array Data
,E-GEOD-8228,Array Data
,E-GEOD-973,Array Data
,E-GEOD-4100,Array Data
,E-GEOD-2387,Array Data
,E-GEOD-2135,Array Data
,E-TABM-185,Array Data
,E-GEOD-6872,Array Data
,E-GEOD-1300,Array Data
,E-TABM-130,Array Data
,E-MEXP-1019,Array Data
,E-GEOD-3307,Array Data
,
Herpes Zoster,E-MTAB-3635,Seq Data
,E-MTAB-1717,Seq Data
,E-GEOD-44721,Array Data
,E-GEOD-54385,Array Data
,E-GEOD-12510,Array Data
,
Holoprosencephaly,E-GEOD-56796,Seq Data
E-GEOD-17154,Array Data
,E-GEOD-22011,Array Data
,E-GEOD-14404,Array Data
,
HTLV-1 Associated Myelopathy,E-GEOD-38537,Array Data

Huntington's Disease,E-GEOD-66769,Seq Data
,E-GEOD-64977,Seq Data
,E-GEOD-51799,Seq Data
,E-MTAB-2206,Seq Data
,E-GEOD-59051,Array Data
,E-MTAB-3732,Array Data
,E-GEOD-36233,Array Data
,E-GEOD-34721,Array Data
,E-GEOD-34201,Array Data
,E-GEOD-37547,Array Data
,E-GEOD-37517,Array Data
,E-GEOD-24250,Array Data
,E-GEOD-26927,Array Data
,E-GEOD-3790,Array Data
,E-GEOD-8762,Array Data
,E-TABM-185,Array Data
,E-GEOD-1751,Array Data
,E-AFMX-6,Array Data
,
Hydrocephalus,E-GEOD-59612,Seq Data

Hypotonia,E-GEOD-43583,Array Data
,E-GEOD-27041,Array Data
,
Hypoxia,E-GEOD-67237,Seq Data
,E-GEOD-65469,Seq Data
,E-GEOD-62974,Seq Data
,E-GEOD-55391,Seq Data
,E-GEOD-54384,Seq Data
,E-GEOD-47602,Seq Data
,E-GEOD-47534,Seq Data,SuperSeries
,E-MTAB-1994,Seq Data
,E-GEOD-44804,Seq Data,SuperSeries
,E-GEOD-44802,Seq Data
,E-GEOD-44801,Seq Data
,E-MTAB-1387,Seq Data
,E-GEOD-26497,Seq Data
,E-GEOD-72362,Array Data
,E-GEOD-59729,Array Data
,E-GEOD-55214,Array Data,SuperSeries
,E-GEOD-55212,Array Data
,E-GEOD-55211,Array Data
,E-MTAB-3732,Array Data
,E-GEOD-71224,Array Data
,E-GEOD-52461,Array Data
,E-GEOD-70034,Array Data
,E-GEOD-70051,Array Data
,E-GEOD-63563,Array Data
,E-GEOD-63562,Array Data
,E-MTAB-3512,Array Data
,E-GEOD-55565,Array Data,SuperSeries
,E-GEOD-55564,Array Data
,E-GEOD-49029,Array Data
,E-GEOD-40774,Array Data
,E-GEOD-60432,Array Data
,E-GEOD-60431,Array Data
,E-GEOD-65168,Array Data
,E-GEOD-55173,Array Data
,E-GEOD-64922,Array Data
,E-GEOD-64710,Array Data
,E-GEOD-55935,Array Data
,E-GEOD-35365,Array Data
,E-GEOD-64436,Array Data
,E-GEOD-64435,Array Data
,E-GEOD-55614,Array Data
,E-GEOD-55869,Array Data
,E-GEOD-61842,Array Data
,E-GEOD-61722,Array Data,SuperSeries
,E-GEOD-61721,Array Data
,E-GEOD-61720,Array Data
,E-GEOD-52315,Array Data
,E-GEOD-59936,Array Data
,E-GEOD-49999,Array Data
,E-GEOD-59462,Array Data
,E-GEOD-58049,Array Data
,E-GEOD-54962,Array Data
,E-GEOD-48294,Array Data
,E-GEOD-48838,Array Data
,E-GEOD-31079,Array Data
,E-GEOD-57613,Array Data
,E-MTAB-2054,Array Data
,E-GEOD-47009,Array Data
,E-GEOD-40227,Array Data
,E-GEOD-45403,Array Data
,E-GEOD-56870,Array Data
,E-GEOD-55875,Array Data
,E-GEOD-55691,Array Data
,E-GEOD-50378,Array Data
,E-GEOD-54663,Array Data,SuperSeries
,E-GEOD-54662,Array Data
,E-GEOD-54661,Array Data
,E-GEOD-44327,Array Data
,E-GEOD-55025,Array Data
,E-GEOD-47534,Array Data,SuperSeries
,E-GEOD-47533,Array Data
,E-GEOD-47532,Array Data
,E-GEOD-53893,Array Data
,E-GEOD-35819,Array Data
,E-GEOD-37145,Array Data
,E-GEOD-47358,Array Data
,E-GEOD-41999,Array Data
,E-GEOD-53402,Array Data
,E-GEOD-53012,Array Data
,E-GEOD-41666,Array Data
,E-GEOD-42868,Array Data
,E-GEOD-47187,Array Data
,E-GEOD-47582,Array Data
,E-GEOD-33115,Array Data
,E-GEOD-49953,Array Data
,E-GEOD-44456,Array Data
,E-MTAB-1269,Array Data
,E-GEOD-45872,Array Data
,E-GEOD-45362,Array Data
,E-GEOD-43165,Array Data
,E-GEOD-48002,Array Data
,E-GEOD-46463,Array Data
,E-GEOD-46353,Array Data
,E-GEOD-46054,Array Data
,E-GEOD-43622,Array Data
,E-GEOD-45301,Array Data
,E-GEOD-38061,Array Data
,E-GEOD-38964,Array Data
,E-GEOD-42869,Array Data
,E-GEOD-27469,Array Data
,E-GEOD-43608,Array Data
,E-GEOD-41341,Array Data,SuperSeries
,E-GEOD-41331,Array Data
,E-GEOD-40205,Array Data
,E-GEOD-35208,Array Data,SuperSeries
,E-GEOD-35169,Array Data
,E-GEOD-27820,Array Data
,E-GEOD-22469,Array Data
,E-GEOD-42791,Array Data
,E-GEOD-34112,Array Data
,E-MTAB-1157,Array Data
,E-GEOD-39681,Array Data
,E-GEOD-38583,Array Data
,E-GEOD-33001,Array Data
,E-GEOD-41491,Array Data
,E-GEOD-41023,Array Data
,E-GEOD-39763,Array Data
,E-GEOD-40842,Array Data
,E-GEOD-33247,Array Data
,E-GEOD-36562,Array Data
,E-GEOD-36837,Array Data
,E-GEOD-39497,Array Data
,E-GEOD-39042,Array Data
,E-GEOD-35932,Array Data
,E-GEOD-38135,Array Data,SuperSeries
,E-GEOD-38134,Array Data
,E-GEOD-32374,Array Data
,E-GEOD-37761,Array Data
,E-GEOD-34007,Array Data
,E-GEOD-26820,Array Data
,E-GEOD-29406,Array Data
,E-GEOD-27523,Array Data
,E-GEOD-35973,Array Data
,E-GEOD-30019,Array Data
,E-GEOD-31089,Array Data
,E-GEOD-27306,Array Data
,E-GEOD-32385,Array Data
,E-GEOD-27813,Array Data
,E-GEOD-26647,Array Data
,E-GEOD-31679,Array Data
,E-GEOD-31152,Array Data
,E-GEOD-32006,Array Data
,E-GEOD-33521,Array Data
,E-GEOD-33439,Array Data,SuperSeries
,E-GEOD-33438,Array Data
,E-GEOD-33437,Array Data
,E-MEXP-3196,Array Data
,E-GEOD-23058,Array Data
,E-GEOD-32313,Array Data
,E-TABM-1198,Array Data
,E-GEOD-31715,Array Data
,E-GEOD-30979,Array Data
,E-GEOD-30499,Array Data
,E-GEOD-25452,Array Data
,E-GEOD-29932,Array Data
,E-GEOD-21979,Array Data
,E-GEOD-28603,Array Data
,E-MTAB-203,Array Data
,E-GEOD-20463,Array Data
,E-GEOD-22282,Array Data
,E-MEXP-2956,Array Data
,E-GEOD-26093,Array Data
,E-GEOD-21959,Array Data
,E-GEOD-25618,Array Data
,E-GEOD-9350,Array Data
,E-GEOD-19123,Array Data
,E-GEOD-18384,Array Data
,E-GEOD-12696,Array Data
,E-GEOD-23773,Array Data
,E-GEOD-15366,Array Data
,E-GEOD-15530,Array Data
,E-GEOD-12884,Array Data
,E-GEOD-18494,Array Data
,E-GEOD-17188,Array Data
,E-GEOD-17944,Array Data
,E-GEOD-17204,Array Data
,E-GEOD-20602,Array Data
,E-GEOD-19197,Array Data
,E-MEXP-2033,Array Data
,E-GEOD-18673,Array Data
,E-GEOD-16962,Array Data
,E-GEOD-17714,Array Data
,E-GEOD-17353,Array Data
,E-GEOD-15949,Array Data
,E-GEOD-15583,Array Data
,E-GEOD-3521,Array Data
,E-MEXP-2104,Array Data
,E-TABM-611,Array Data
,E-GEOD-14762,Array Data
,E-GEOD-13818,Array Data
,E-GEOD-9649,Array Data
,E-MEXP-1896,Array Data
,E-MEXP-1790,Array Data
,E-GEOD-11513,Array Data
,E-GEOD-12792,Array Data
,E-MEXP-1826,Array Data
,E-GEOD-12072,Array Data
,E-GEOD-7835,Array Data
,E-GEOD-6863,Array Data
,E-GEOD-5579,Array Data
,E-GEOD-4725,Array Data
,E-GEOD-4630,Array Data
,E-GEOD-4086,Array Data
,E-GEOD-3051,Array Data
,E-GEOD-3045,Array Data
,E-GEOD-1056,Array Data
,E-MEXP-1111,Array Data
,E-GEOD-9234,Array Data
,E-MEXP-1374,Array Data
,E-GEOD-6432,Array Data,SuperSeries
,E-GEOD-4483,Array Data,SuperSeries
,E-GEOD-2719,Array Data
,E-GEOD-2841,Array Data
,E-RZPD-12,Array Data
,E-RZPD-11,Array Data
,E-SMDB-3611,Array Data
,E-MEXP-445,Array Data
,
Inclusion Body Myositis,E-MTAB-2141,Array Data
,E-GEOD-48280,Array Data
,E-GEOD-39454,Array Data
,E-GEOD-3112,Array Data
,
Infantile Neuroaxonal Dystrophy ,E-GEOD-26846,Array Data
,E-GEOD-40929,Array Data
,E-GEOD-23036,Array Data
,E-GEOD-15245,Array Data
,E-GEOD-11379,Array Data
,
Infantile Refsum Disease,E-GEOD-13070,Array Data

Infantile Spasms,E-MEXP-2833,Array Data

Inflammatory Myopathies,E-GEOD-58173,Array Data
,E-MTAB-2141,Array Data
,E-GEOD-48280,Array Data
,E-GEOD-39454,Array Data
,E-GEOD-26852,Array Data
,E-MEXP-2681,Array Data
,E-GEOD-24060,Array Data
,E-MTAB-62,Array Data
,E-GEOD-3112,Array Data
,E-GEOD-2044,Array Data
,E-TABM-185,Array Data
,E-GEOD-5370,Array Data
,E-GEOD-9340,Array Data
,E-GEOD-281,Array Data
,
Intestinal Lipodystrophy,E-MEXP-1035,Array Data

Intracranial Hypertension,E-GEOD-19870,Array Data

Leukodystrophy,E-GEOD-69943,Array Data
,E-GEOD-69942,Array Data
,E-GEOD-69103,Array Data,SuperSeries
,E-GEOD-69066,Array Data
,E-GEOD-65368,Array Data
,E-GEOD-56783,Array Data
,E-GEOD-53340,Array Data
,E-GEOD-23350,Array Data
,E-GEOD-39324,Array Data
,E-GEOD-46517,Array Data
,E-GEOD-36634,Array Data
,E-GEOD-41445,Array Data
,E-GEOD-33223,Array Data
,E-MEXP-3288,Array Data
,E-GEOD-34309,Array Data
,E-GEOD-34308,Array Data
,E-GEOD-33503,Array Data
,E-GEOD-33500,Array Data
,E-GEOD-32474,Array Data
,E-GEOD-29682,Array Data
,E-GEOD-29288,Array Data
,E-MEXP-2699,Array Data
,E-GEOD-21261,Array Data
,E-GEOD-25496,Array Data
,E-GEOD-24598,Array Data
,E-GEOD-18018,Array Data
,E-GEOD-13070,Array Data
,E-GEOD-15151,Array Data
,E-GEOD-11964,Array Data
,E-GEOD-13307,Array Data
,E-GEOD-11227,Array Data
,E-GEOD-3624,Array Data
,E-GEOD-9335,Array Data
,E-GEOD-6834,Array Data,SuperSeries
,E-GEOD-6771,Array Data
,
Lewy Body Dementia,E-GEOD-20186,Array Data,SuperSeries

Lissencephaly,E-GEOD-35340,Array Data
,E-GEOD-16395,Array Data
,
Lou Gehrig's Disease,E-GEOD-52935,Seq Data
,E-GEOD-64078,Seq Data
,E-GEOD-60424,Seq Data
,E-GEOD-52946,Seq Data
,E-GEOD-54409,Seq Data
,E-GEOD-52202,Seq Data
,E-GEOD-43308,Seq Data
,E-GEOD-43294,Seq Data
,E-GEOD-40710,Seq Data
,E-GEOD-40651,Seq Data
,E-GEOD-68608,Array Data,SuperSeries
,E-GEOD-68607,Array Data
,E-GEOD-68605,Array Data
,E-GEOD-68240,Array Data
,E-GEOD-60082,Array Data
,E-MTAB-2325,Array Data
,E-GEOD-52917,Array Data
,E-GEOD-61322,Array Data
,E-GEOD-61321,Array Data
,E-GEOD-61320,Array Data
,E-GEOD-56504,Array Data,SuperSeries
,E-GEOD-56500,Array Data
,E-GEOD-33855,Array Data
,E-GEOD-56808,Array Data
,E-GEOD-40328,Array Data
,E-MTAB-1927,Array Data
,E-MTAB-1926,Array Data
,E-MTAB-1925,Array Data
,E-MTAB-1788,Array Data
,E-GEOD-49657,Array Data
,E-GEOD-37640,Array Data
,E-GEOD-40438,Array Data
,E-GEOD-41414,Array Data
,E-GEOD-36842,Array Data
,E-GEOD-39644,Array Data,SuperSeries
,E-GEOD-39643,Array Data
,E-GEOD-39642,Array Data
,E-MEXP-3260,Array Data
,E-GEOD-28253,Array Data
,E-GEOD-26276,Array Data
,E-GEOD-26927,Array Data
,E-GEOD-20589,Array Data
,E-TABM-940,Array Data
,E-GEOD-21450,Array Data,SuperSeries
,E-GEOD-21298,Array Data
,E-GEOD-19519,Array Data
,E-GEOD-19332,Array Data
,E-GEOD-9397,Array Data
,E-GEOD-5287,Array Data
,E-GEOD-4595,Array Data
,E-TABM-185,Array Data
,E-GEOD-833,Array Data
,E-GEOD-3307,Array Data
,
Megalencephaly,E-GEOD-11964,Array Data

Meningitis,E-GEOD-46681,Array Data
,E-GEOD-44721,Array Data
,E-GEOD-42870,Array Data
,E-GEOD-29507,Array Data
,E-GEOD-43190,Array Data
,E-GEOD-40586,Array Data
,E-MEXP-3567,Array Data
,E-GEOD-32645,Array Data
,E-GEOD-23074,Array Data
,E-GEOD-15323,Array Data
,E-MTAB-62,Array Data
,E-GEOD-20508,Array Data
,E-GEOD-6269,Array Data
,E-MEXP-1035,Array Data
,E-TABM-185,Array Data
,E-SMDB-2669,Array Data
,
Menkes Disease,E-GEOD-66809,Seq Data
,E-GEOD-66808,Seq Data
,E-GEOD-61691,Array Data

Metachromatic Leukodystrophy,E-GEOD-69943,Array Data
,E-GEOD-69942,Array Data
,E-GEOD-23350,Array Data
,E-GEOD-33223,Array Data
,E-GEOD-21261,Array Data
,E-GEOD-18018,Array Data
,
Microcephaly,E-GEOD-53391,Seq Data
,E-GEOD-46831,Seq Data
,E-GEOD-57802,Array Data
,E-GEOD-66061,Array Data
,E-GEOD-38959,Array Data
,E-GEOD-33371,Array Data
,E-GEOD-11964,Array Data
,E-GEOD-10927,Array Data
,
Migraine,E-GEOD-72642,Array Data
,E-GEOD-11223,Array Data
,
Mitochondrial Myopathy,E-GEOD-43698,Array Data
,E-MTAB-2091,Array Data
,E-GEOD-33769,Array Data
,E-GEOD-34287,Array Data
,E-GEOD-24581,Array Data
,E-GEOD-20928,Array Data
,E-GEOD-26980,Array Data
,E-GEOD-14882,Array Data
,E-GEOD-24796,Array Data
,E-GEOD-14986,Array Data
,E-GEOD-1462,Array Data
,
Motor Neuron Diseases,E-GEOD-52935,Seq Data
,E-GEOD-64078,Seq Data
,E-GEOD-60424,Seq Data
,E-GEOD-52946,Seq Data
,E-GEOD-62540,Seq Data
,E-GEOD-54409,Seq Data
,E-GEOD-52202,Seq Data
,E-GEOD-43308,Seq Data
,E-GEOD-43294,Seq Data
,E-GEOD-40710,Seq Data
,E-GEOD-40651,Seq Data
,E-GEOD-68608,Array Data,SuperSeries
,E-GEOD-68607,Array Data
,E-GEOD-68605,Array Data
,E-GEOD-68240,Array Data
,E-GEOD-60082,Array Data
,E-MTAB-2325,Array Data
,E-GEOD-52917,Array Data
,E-GEOD-61322,Array Data
,E-GEOD-61321,Array Data
,E-GEOD-61320,Array Data
,E-GEOD-56504,Array Data,SuperSeries
,E-GEOD-56500,Array Data
,E-GEOD-33855,Array Data
,E-GEOD-56808,Array Data
,E-GEOD-40328,Array Data
,E-MTAB-1927,Array Data
,E-MTAB-1926,Array Data
,E-MTAB-1925,Array Data
,E-MTAB-1788,Array Data
,E-GEOD-49657,Array Data
,E-GEOD-37640,Array Data
,E-GEOD-40438,Array Data
,E-GEOD-41414,Array Data
,E-GEOD-27206,Array Data
,E-GEOD-27205,Array Data
,E-GEOD-31243,Array Data
,E-GEOD-36842,Array Data
,E-GEOD-39644,Array Data,SuperSeries
,E-GEOD-39643,Array Data
,E-GEOD-39642,Array Data
,E-MEXP-3260,Array Data
,E-GEOD-28253,Array Data
,E-GEOD-26276,Array Data
,E-GEOD-26927,Array Data
,E-GEOD-20589,Array Data
,E-TABM-940,Array Data
,E-GEOD-21450,Array Data,SuperSeries
,E-GEOD-21298,Array Data
,E-GEOD-19519,Array Data
,E-GEOD-19332,Array Data
,E-GEOD-9397,Array Data
,E-GEOD-5287,Array Data
,E-GEOD-4595,Array Data
,E-TABM-185,Array Data
,E-GEOD-833,Array Data
,E-GEOD-3307,Array Data
,
Moyamoya Disease,E-GEOD-45737,Array Data

Mucopolysaccharidoses,E-GEOD-43692,Array Data
,E-GEOD-34074,Array Data
,
Multifocal Motor Neuropathy,E-GEOD-26276,Array Data

Multiple Sclerosis,E-GEOD-66573,Seq Data
,E-GEOD-60424,Seq Data
,E-GEOD-46579,Seq Data
,E-MTAB-2973,Array Data
,E-GEOD-73174,Array Data,SuperSeries
,E-GEOD-73172,Array Data
,E-GEOD-73081,Array Data
,E-GEOD-73080,Array Data
,E-GEOD-73079,Array Data
,E-GEOD-71634,Array Data
,E-MTAB-3732,Array Data
,E-GEOD-68527,Array Data
,E-GEOD-59085,Array Data
,E-GEOD-37783,Array Data
,E-GEOD-37750,Array Data
,E-MTAB-3443,Array Data
,E-GEOD-37584,Array Data
,E-MTAB-2485,Array Data
,E-GEOD-67338,Array Data
,E-MTAB-3437,Array Data
,E-MTAB-2707,Array Data
,E-GEOD-62584,Array Data
,E-GEOD-58240,Array Data
,E-GEOD-58959,Array Data
,E-MTAB-2374,Array Data
,E-GEOD-52139,Array Data
,E-GEOD-53716,Array Data
,E-GEOD-55772,Array Data
,E-GEOD-44966,Array Data,SuperSeries
,E-GEOD-44964,Array Data
,E-GEOD-44956,Array Data
,E-MEXP-3905,Array Data
,E-GEOD-43592,Array Data,SuperSeries
,E-GEOD-43591,Array Data
,E-GEOD-43590,Array Data
,E-GEOD-41850,Array Data,SuperSeries
,E-GEOD-41849,Array Data
,E-GEOD-41848,Array Data
,E-GEOD-41847,Array Data
,E-GEOD-41846,Array Data
,E-GEOD-46282,Array Data
,E-GEOD-46280,Array Data
,E-GEOD-41890,Array Data
,E-GEOD-42763,Array Data
,E-GEOD-35601,Array Data
,E-GEOD-27694,Array Data,SuperSeries
,E-GEOD-27690,Array Data
,E-GEOD-27688,Array Data
,E-GEOD-39644,Array Data,SuperSeries
,E-GEOD-39643,Array Data
,E-GEOD-38010,Array Data
,E-MEXP-3594,Array Data
,E-MTAB-380,Array Data
,E-GEOD-33464,Array Data
,E-GEOD-32988,Array Data
,E-GEOD-32915,Array Data
,E-GEOD-32645,Array Data
,E-GEOD-31568,Array Data
,E-GEOD-21942,Array Data
,E-GEOD-29932,Array Data
,E-GEOD-26484,Array Data
,E-GEOD-28642,Array Data
,E-GEOD-23832,Array Data
,E-MTAB-359,Array Data
,E-MTAB-358,Array Data
,E-GEOD-26927,Array Data
,E-GEOD-16461,Array Data
,E-GEOD-26104,Array Data
,E-GEOD-23307,Array Data
,E-GEOD-24427,Array Data
,E-GEOD-19224,Array Data
,E-GEOD-23205,Array Data
,E-GEOD-22642,Array Data
,E-GEOD-17846,Array Data
,E-GEOD-19285,Array Data
,E-GEOD-17048,Array Data
,E-GEOD-14895,Array Data
,E-GEOD-17449,Array Data,SuperSeries
,E-GEOD-17410,Array Data
,E-GEOD-17393,Array Data
,E-GEOD-17409,Array Data
,E-GEOD-16214,Array Data
,E-GEOD-15245,Array Data
,E-GEOD-14386,Array Data
,E-GEOD-13732,Array Data
,E-GEOD-8594,Array Data
,E-GEOD-5839,Array Data
,E-GEOD-7102,Array Data
,
Multiple System Atrophy,E-GEOD-34287,Array Data
,E-GEOD-6613,Array Data
,
Muscular Dystrophy,E-GEOD-68890,Seq Data
,E-GEOD-67812,Seq Data
,E-GEOD-64655,Seq Data
,E-GEOD-56148,Seq Data
,E-GEOD-56787,Seq Data
,E-GEOD-45883,Seq Data
,E-MTAB-3658,Array Data
,E-MTAB-3732,Array Data
,E-GEOD-37084,Array Data
,E-GEOD-43698,Array Data
,E-GEOD-54480,Array Data
,E-GEOD-63446,Array Data
,E-GEOD-52344,Array Data
,E-GEOD-56744,Array Data
,E-GEOD-44722,Array Data,SuperSeries
,E-GEOD-62402,Array Data
,E-GEOD-59206,Array Data
,E-GEOD-46923,Array Data,SuperSeries
,E-GEOD-46913,Array Data
,E-GEOD-54566,Array Data
,E-GEOD-54565,Array Data
,E-GEOD-45331,Array Data
,E-GEOD-49758,Array Data,SuperSeries
,E-GEOD-42806,Array Data
,E-GEOD-22633,Array Data
,E-GEOD-46633,Array Data
,E-GEOD-26438,Array Data
,E-MTAB-1577,Array Data
,E-GEOD-46888,Array Data
,E-GEOD-50892,Array Data
,E-MTAB-1788,Array Data
,E-GEOD-44874,Array Data
,E-MTAB-1747,Array Data
,E-GEOD-47968,Array Data
,E-GEOD-15075,Array Data
,E-GEOD-15036,Array Data
,E-GEOD-32023,Array Data
,E-GEOD-42058,Array Data
,E-GEOD-36398,Array Data
,E-GEOD-26852,Array Data
,E-GEOD-36098,Array Data
,E-GEOD-34884,Array Data
,E-GEOD-36476,Array Data
,E-GEOD-33799,Array Data
,E-GEOD-32648,Array Data
,E-GEOD-32400,Array Data
,E-GEOD-32155,Array Data
,E-GEOD-32720,Array Data
,E-MEXP-3365,Array Data
,E-MEXP-3291,Array Data
,E-GEOD-29619,Array Data,SuperSeries
,E-GEOD-29618,Array Data
,E-GEOD-26061,Array Data
,E-GEOD-29944,Array Data
,E-GEOD-27068,Array Data
,E-GEOD-24109,Array Data
,E-GEOD-21795,Array Data
,E-GEOD-22498,Array Data
,E-MTAB-62,Array Data
,E-GEOD-7179,Array Data
,E-GEOD-7178,Array Data
,E-GEOD-7177,Array Data
,E-GEOD-7014,Array Data
,E-GEOD-18269,Array Data
,E-MEXP-1618,Array Data
,E-GEOD-18226,Array Data
,E-GEOD-18111,Array Data,SuperSeries
,E-GEOD-13850,Array Data
,E-GEOD-15090,Array Data
,E-GEOD-13727,Array Data
,E-GEOD-12265,Array Data
,E-GEOD-12267,Array Data,SuperSeries
,E-GEOD-7429,Array Data
,E-GEOD-9397,Array Data
,E-GEOD-6011,Array Data
,E-GEOD-10760,Array Data
,E-TABM-368,Array Data
,E-TABM-185,Array Data
,E-GEOD-2208,Array Data
,E-GEOD-1764,Array Data
,E-GEOD-4667,Array Data
,E-GEOD-3307,Array Data
,E-GEOD-1007,Array Data
,E-GEOD-1004,Array Data
,
Myasthenia Gravis,E-MEXP-518,Array Data

Myopathy,E-MTAB-2466,Seq Data
,E-MTAB-2572,Seq Data
,E-GEOD-43698,Array Data
,E-GEOD-53702,Array Data
,E-GEOD-42806,Array Data
,E-GEOD-48280,Array Data
,E-GEOD-48574,Array Data
,E-MTAB-1788,Array Data
,E-GEOD-39454,Array Data
,E-GEOD-26852,Array Data
,E-GEOD-30806,Array Data
,E-GEOD-27041,Array Data
,E-GEOD-21795,Array Data
,E-MTAB-62,Array Data
,E-GEOD-12648,Array Data
,E-GEOD-9397,Array Data
,E-TABM-185,Array Data
,E-GEOD-1145,Array Data
,E-GEOD-1017,Array Data
,E-GEOD-3307,Array Data
,
Myotonia,E-GEOD-37084,Array Data

Narcolepsy,E-GEOD-21592,Array Data

Neuroacanthocytosis,E-GEOD-55465,Array Data
,E-GEOD-55464,Array Data
,E-GEOD-49604,Array Data
,E-GEOD-33616,Array Data
,E-GEOD-52392,Array Data,SuperSeries
,E-GEOD-52390,Array Data
,E-GEOD-48030,Array Data
,E-GEOD-36966,Array Data
,E-MTAB-695,Array Data
,E-GEOD-33424,Array Data
,E-GEOD-33374,Array Data
,
Neurodegeneration with Brain Iron Accumulation,E-GEOD-26846,Array Data
,E-GEOD-40929,Array Data
,E-GEOD-23036,Array Data
,E-GEOD-15245,Array Data
,E-GEOD-11379,Array Data
,
Neurofibromatosis,E-GEOD-54934,Array Data
,E-GEOD-60082,Array Data
,E-GEOD-66743,Array Data
,E-GEOD-39764,Array Data
,E-GEOD-41747,Array Data
,E-GEOD-17792,Array Data
,E-GEOD-14038,Array Data
,E-GEOD-5675,Array Data
,E-TABM-69,Array Data
,E-MEXP-258,Array Data
,
Neuronal Ceroid Lipofuscinosis,E-GEOD-59335,Seq Data
,E-GEOD-44052,Seq Data
,E-GEOD-39841,Seq Data
,E-GEOD-67737,Array Data
,E-GEOD-62626,Array Data,SuperSeries
,E-GEOD-61273,Array Data
,E-GEOD-62500,Array Data
,E-GEOD-60602,Array Data
,E-MTAB-943,Array Data
,E-GEOD-42678,Array Data
,E-GEOD-41972,Array Data
,E-GEOD-41971,Array Data
,E-GEOD-29115,Array Data
,E-MEXP-2700,Array Data
,E-GEOD-30369,Array Data
,E-MTAB-352,Array Data
,E-GEOD-22225,Array Data
,E-GEOD-21179,Array Data
,E-GEOD-20986,Array Data
,E-MEXP-2340,Array Data
,E-MEXP-2128,Array Data
,E-GEOD-13141,Array Data,SuperSeries
,E-GEOD-13136,Array Data
,E-MEXP-1522,Array Data
,E-MEXP-1064,Array Data
,E-GEOD-1059,Array Data
,
Neurosarcoidosis,E-MTAB-2374,Array Data

Neurotoxicity,E-GEOD-48350,Array Data
,E-MTAB-1343,Array Data
,E-GEOD-32902,Array Data
,E-GEOD-33109,Array Data
,E-GEOD-16767,Array Data
,E-GEOD-16766,Array Data
,E-GEOD-16656,Array Data
,E-GEOD-5080,Array Data
,E-GEOD-5079,Array Data
,E-GEOD-5023,Array Data
,E-GEOD-5281,Array Data
,
Normal Pressure Hydrocephalus,E-GEOD-59612,Seq Data

Parkinson's Disease,E-GEOD-62642,Seq Data
,E-GEOD-42608,Seq Data
,E-GEOD-52431,Seq Data
,E-GEOD-40915,Seq Data
,E-GEOD-46579,Seq Data
,E-GEOD-40710,Seq Data
,E-MTAB-3732,Array Data
,E-GEOD-71220,Array Data
,E-GEOD-64266,Array Data
,E-GEOD-37591,Array Data
,E-GEOD-43490,Array Data
,E-GEOD-54282,Array Data
,E-GEOD-53351,Array Data
,E-MTAB-2374,Array Data
,E-GEOD-51214,Array Data
,E-GEOD-54536,Array Data
,E-GEOD-44805,Array Data
,E-GEOD-53426,Array Data,SuperSeries
,E-GEOD-53424,Array Data
,E-GEOD-46798,Array Data
,E-GEOD-30643,Array Data
,E-MTAB-1194,Array Data
,E-GEOD-43235,Array Data
,E-GEOD-34287,Array Data
,E-GEOD-36321,Array Data
,E-GEOD-33298,Array Data
,E-MTAB-812,Array Data
,E-GEOD-35642,Array Data
,E-GEOD-38155,Array Data,SuperSeries
,E-GEOD-38153,Array Data
,E-GEOD-22491,Array Data
,E-GEOD-23676,Array Data
,E-GEOD-33434,Array Data
,E-GEOD-32658,Array Data
,E-GEOD-25931,Array Data
,E-GEOD-16658,Array Data
,E-GEOD-30792,Array Data
,E-GEOD-28367,Array Data,SuperSeries
,E-GEOD-28365,Array Data
,E-GEOD-28379,Array Data
,E-GEOD-29773,Array Data
,E-GEOD-28894,Array Data
,E-TABM-879,Array Data
,E-GEOD-20186,Array Data,SuperSeries
,E-GEOD-26927,Array Data
,E-GEOD-24378,Array Data
,E-GEOD-20314,Array Data
,E-GEOD-20164,Array Data
,E-GEOD-20163,Array Data
,E-GEOD-21450,Array Data,SuperSeries
,E-GEOD-25580,Array Data
,E-GEOD-24095,Array Data
,E-GEOD-24598,Array Data
,E-GEOD-19587,Array Data
,E-TABM-724,Array Data
,E-GEOD-17204,Array Data
,E-GEOD-20333,Array Data
,E-GEOD-20295,Array Data,SuperSeries
,E-GEOD-20292,Array Data
,E-GEOD-20291,Array Data
,E-GEOD-7179,Array Data
,E-GEOD-7178,Array Data
,E-GEOD-7177,Array Data
,E-GEOD-20168,Array Data
,E-GEOD-20153,Array Data
,E-GEOD-20146,Array Data
,E-GEOD-20141,Array Data
,E-GEOD-4773,Array Data
,E-GEOD-6613,Array Data
,E-GEOD-7621,Array Data
,E-GEOD-7307,Array Data
,E-GEOD-8397,Array Data
,E-GEOD-5519,Array Data
,E-MEXP-1416,Array Data
,
Pelizaeus-Merzbacher Disease,E-GEOD-15151,Array Data
,E-GEOD-6834,Array Data,SuperSeries
,E-GEOD-6771,Array Data
,
Peripheral Neuropathy,E-GEOD-72748,Seq Data
E-GEOD-58133,Array Data
,E-GEOD-41744,Array Data
,
Periventricular Leukomalacia,E-GEOD-32472,Array Data
,E-GEOD-17390,Array Data
,
Pick's Disease,E-GEOD-52202,Seq Data
,E-MTAB-530,Seq Data
,E-MTAB-3732,Array Data
,E-MTAB-656,Array Data
,E-MEXP-2280,Array Data
,
Pituitary Tumors,E-GEOD-62960,Array Data,SuperSeries
,E-GEOD-62870,Array Data
,E-GEOD-62866,Array Data
,E-GEOD-46294,Array Data
,E-GEOD-68015,Array Data
,E-GEOD-36314,Array Data
,E-GEOD-26966,Array Data
,
Polymyositis,E-MTAB-2141,Array Data
,E-GEOD-48280,Array Data
,E-GEOD-39454,Array Data
,E-GEOD-26852,Array Data
,E-MEXP-2681,Array Data
,E-MTAB-62,Array Data
,E-GEOD-3112,Array Data
,E-TABM-185,Array Data
,E-GEOD-5370,Array Data
,
Pompe Disease,E-GEOD-27280,Array Data

Primary Lateral Sclerosis,E-GEOD-56808,Array Data
,E-GEOD-52392,Array Data,SuperSeries
,E-GEOD-52390,Array Data
,E-GEOD-21929,Array Data
,E-GEOD-12288,Array Data
,
Prion Diseases,E-GEOD-40562,Array Data
,E-GEOD-30643,Array Data
,
Progressive Multifocal Leukoencephalopathy,E-GEOD-45639,Array Data

Progressive Supranuclear Palsy,E-GEOD-46131,Seq Data
E-GEOD-62870,Array Data
,E-GEOD-62866,Array Data
,E-MTAB-3732,Array Data
,E-GEOD-42404,Array Data
,E-GEOD-34287,Array Data
,E-MEXP-2280,Array Data
,E-GEOD-6613,Array Data
,
Rett Syndrome,E-GEOD-51607,Seq Data
E-MTAB-3732,Array Data
,E-MTAB-2223,Array Data
,E-GEOD-21037,Array Data
,E-MEXP-2588,Array Data
,E-MEXP-1956,Array Data
,E-GEOD-6955,Array Data
,E-GEOD-4600,Array Data
,
Riley-Day Syndrome,E-GEOD-58038,Array Data
,E-GEOD-27915,Array Data
,E-GEOD-26458,Array Data
,E-MTAB-281,Array Data
,E-GEOD-17043,Array Data
,E-MEXP-641,Array Data
,
Salivary Gland Disease,E-GEOD-23117,Array Data

Seitelberger Disease,E-GEOD-26846,Array Data
,E-GEOD-40929,Array Data
,E-GEOD-23036,Array Data
,E-GEOD-15245,Array Data
,E-GEOD-11379,Array Data
,
Seizure Disorder,E-GEOD-67835,Seq Data
E-MTAB-3123,Array Data
,E-MTAB-3732,Array Data
,E-MTAB-2325,Array Data
,E-GEOD-63808,Array Data
,E-GEOD-28674,Array Data
,E-GEOD-46472,Array Data
,E-GEOD-29796,Array Data
,E-GEOD-43583,Array Data
,E-GEOD-32534,Array Data
,E-GEOD-25453,Array Data
,E-GEOD-36634,Array Data
,E-GEOD-39447,Array Data
,E-GEOD-23909,Array Data
,E-MEXP-2833,Array Data
,E-MEXP-1165,Array Data
,E-GEOD-22225,Array Data
,E-GEOD-26535,Array Data
,E-GEOD-22779,Array Data
,E-GEOD-22467,Array Data
,E-GEOD-18212,Array Data
,E-GEOD-20977,Array Data
,E-GEOD-9335,Array Data
,E-GEOD-7486,Array Data
,E-GEOD-7624,Array Data
,E-GEOD-4290,Array Data
,E-MEXP-567,Array Data
,E-GEOD-6834,Array Data,SuperSeries
,E-GEOD-6771,Array Data
,
Septo-Optic Dysplasia,E-GEOD-50758,Array Data
,E-GEOD-25202,Array Data
,E-GEOD-21450,Array Data,SuperSeries
,E-GEOD-21298,Array Data
,
Severe Myoclonic Epilepsy of Infancy (SMEI),E-GEOD-46472,Array Data

Sjögren's Syndrome,E-GEOD-72500,Seq Data
E-MTAB-3732,Array Data
,E-GEOD-40568,Array Data
,E-MTAB-2073,Array Data
,E-GEOD-51092,Array Data
,E-GEOD-48378,Array Data
,E-GEOD-40611,Array Data
,E-MTAB-834,Array Data
,E-GEOD-23117,Array Data
,E-MEXP-1883,Array Data
,E-MEXP-1242,Array Data
,E-GEOD-7451,Array Data
,E-MEXP-419,Array Data
,
Sleep Apnea,E-GEOD-57775,Array Data
,E-GEOD-49800,Array Data
,E-GEOD-38792,Array Data
,E-GEOD-7224,Array Data
,
Sleeping Sickness,E-MTAB-1467,Array Data

Sotos Syndrome,E-GEOD-27200,Array Data

Spasticity,E-TABM-1180,Array Data
,E-MEXP-2699,Array Data
,E-GEOD-11686,Array Data
,
Spina Bifida,E-MTAB-3732,Array Data
,E-GEOD-4182,Array Data
,
Spinal Cord Injury,E-GEOD-69901,Array Data
,E-GEOD-64964,Array Data
,E-MTAB-2155,Array Data
,E-GEOD-33886,Array Data
,E-GEOD-32403,Array Data
,E-GEOD-21497,Array Data
,
Spinal Cord Tumors,E-MTAB-2325,Array Data
,E-GEOD-22927,Array Data
,
Spinal Muscular Atrophy,E-GEOD-69175,Seq Data
,E-GEOD-64078,Seq Data
,E-GEOD-65508,Seq Data
,E-GEOD-62540,Seq Data
,E-MTAB-3732,Array Data
,E-GEOD-66061,Array Data
,E-GEOD-65470,Array Data
,E-GEOD-58316,Array Data
,E-GEOD-27207,Array Data,SuperSeries
,E-GEOD-27206,Array Data
,E-GEOD-27205,Array Data
,E-GEOD-13828,Array Data
,
Stroke,E-GEOD-56267,Seq Data
E-GEOD-72642,Array Data
,E-GEOD-60319,Array Data
,E-GEOD-37587,Array Data
,E-GEOD-58294,Array Data
,E-GEOD-60863,Array Data
,E-GEOD-60862,Array Data
,E-GEOD-55937,Array Data
,E-MTAB-2374,Array Data
,E-GEOD-48424,Array Data
,E-GEOD-48022,Array Data
,E-GEOD-47728,Array Data
,E-GEOD-47727,Array Data
,E-GEOD-45878,Array Data
,E-GEOD-43618,Array Data
,E-GEOD-41571,Array Data
,E-GEOD-36487,Array Data
,E-GEOD-22255,Array Data
,E-GEOD-27041,Array Data
,E-GEOD-29932,Array Data
,E-MEXP-2257,Array Data
,E-GEOD-13353,Array Data
,E-GEOD-19270,Array Data
,E-GEOD-25414,Array Data
,E-GEOD-24095,Array Data
,E-GEOD-24265,Array Data
,E-GEOD-22688,Array Data
,E-GEOD-21899,Array Data
,E-GEOD-16561,Array Data
,E-CBIL-20,Array Data
,E-MEXP-1635,Array Data
,E-GEOD-9877,Array Data
,E-GEOD-2387,Array Data
,E-GEOD-3860,Array Data
,E-MEXP-268,Array Data
,E-MEXP-249,Array Data
,
Systemic Lupus Erythematosus,E-GEOD-72500,Seq Data
,E-GEOD-53419,Seq Data
,E-GEOD-30198,Seq Data
,E-GEOD-72535,Array Data
,E-GEOD-55447,Array Data
,E-GEOD-45291,Array Data
,E-GEOD-50772,Array Data
,E-GEOD-61635,Array Data
,E-GEOD-45923,Array Data
,E-GEOD-55768,Array Data
,E-GEOD-46923,Array Data,SuperSeries
,E-GEOD-46921,Array Data
,E-GEOD-46920,Array Data
,E-GEOD-46917,Array Data
,E-GEOD-46913,Array Data
,E-GEOD-46911,Array Data
,E-GEOD-46907,Array Data
,E-GEOD-49454,Array Data
,E-MTAB-1724,Array Data
,E-GEOD-50395,Array Data
,E-GEOD-45422,Array Data
,E-GEOD-29536,Array Data
,E-GEOD-51406,Array Data,SuperSeries
,E-GEOD-51404,Array Data
,E-GEOD-51997,Array Data
,E-GEOD-52471,Array Data
,E-GEOD-50635,Array Data
,E-GEOD-50892,Array Data
,E-MEXP-3746,Array Data
,E-GEOD-33544,Array Data
,E-GEOD-45536,Array Data
,E-GEOD-45535,Array Data
,E-GEOD-31524,Array Data,SuperSeries
,E-GEOD-37427,Array Data
,E-GEOD-37463,Array Data,SuperSeries
,E-GEOD-37460,Array Data
,E-GEOD-37455,Array Data
,E-GEOD-42648,Array Data
,E-GEOD-39088,Array Data
,E-GEOD-32592,Array Data,SuperSeries
,E-GEOD-32591,Array Data
,E-GEOD-38351,Array Data
,E-GEOD-37276,Array Data,SuperSeries
,E-GEOD-37573,Array Data
,E-GEOD-37356,Array Data
,E-GEOD-36941,Array Data
,E-GEOD-24579,Array Data
,E-GEOD-32245,Array Data
,E-GEOD-34391,Array Data
,E-GEOD-32285,Array Data,SuperSeries
,E-GEOD-32279,Array Data
,E-GEOD-32278,Array Data
,E-GEOD-29717,Array Data
,E-GEOD-28623,Array Data
,E-GEOD-30153,Array Data
,E-GEOD-26975,Array Data
,E-GEOD-29938,Array Data
,E-GEOD-26951,Array Data
,E-GEOD-26950,Array Data
,E-GEOD-26949,Array Data
,E-GEOD-23203,Array Data,SuperSeries
,E-GEOD-27427,Array Data
,E-GEOD-24060,Array Data
,E-MEXP-2544,Array Data
,E-GEOD-24706,Array Data
,E-GEOD-20864,Array Data
,E-GEOD-22098,Array Data
,E-GEOD-19491,Array Data,SuperSeries
,E-GEOD-23076,Array Data
,E-GEOD-14999,Array Data
,E-GEOD-22132,Array Data
,E-MTAB-157,Array Data
,E-MTAB-145,Array Data
,E-GEOD-21649,Array Data
,E-GEOD-17941,Array Data
,E-GEOD-16102,Array Data,SuperSeries
,E-GEOD-11103,Array Data,SuperSeries
,E-GEOD-11058,Array Data
,E-GEOD-11057,Array Data
,E-GEOD-12374,Array Data
,E-GEOD-16130,Array Data
,E-GEOD-13887,Array Data
,E-GEOD-11908,Array Data
,E-GEOD-11907,Array Data,SuperSeries
,E-TABM-463,Array Data
,E-GEOD-11909,Array Data
,E-MEXP-1242,Array Data
,E-MEXP-1635,Array Data
,E-GEOD-8650,Array Data
,E-GEOD-4588,Array Data
,E-GEOD-10325,Array Data
,
Tardive Dyskinesia,E-GEOD-31243,Array Data
,E-GEOD-19419,Array Data
,E-GEOD-5080,Array Data
,
Tourette Syndrome,E-GEOD-72642,Array Data

Transient Ischemic Attack,E-GEOD-46516,Seq Data
E-GEOD-54540,Array Data
,E-GEOD-51500,Array Data
,E-GEOD-47664,Array Data
,E-GEOD-41213,Array Data
,E-GEOD-41571,Array Data
,E-GEOD-19590,Array Data
,E-MEXP-268,Array Data
,
Traumatic Brain Injury,E-GEOD-40613,Array Data
,E-GEOD-21854,Array Data
,
Tremor,E-GEOD-70817,Array Data
,E-GEOD-48902,Array Data
,E-GEOD-48873,Array Data
,E-GEOD-16658,Array Data
,E-GEOD-6613,Array Data
,E-GEOD-5080,Array Data
,
Tropical Spastic Paraparesis,E-GEOD-38537,Array Data
,E-GEOD-34572,Array Data
,E-GEOD-33859,Array Data
,E-GEOD-19080,Array Data
,
Troyer Syndrome,E-GEOD-42363,Array Data

Tuberous Sclerosis,E-MTAB-3732,Array Data
,E-MEXP-2351,Array Data
,E-GEOD-6002,Array Data
,E-GEOD-14334,Array Data
,E-GEOD-12027,Array Data
,E-GEOD-9715,Array Data
,
West Syndrome,E-MEXP-2833,Array Data

Whipple's Disease,E-MEXP-1035,Array Data

Williams Syndrome,E-MTAB-3732,Array Data
,E-GEOD-47390,Array Data
,E-GEOD-16715,Array Data
,E-GEOD-18188,Array Data
,E-GEOD-22065,Array Data
,
Zellweger Syndrome,E-GEOD-56783,Array Data

